anio,ppt_anual_regional_mm,z_score,ajuste_lineal_mm
1981,418.91131887808774,0.5171761244415433,445.39322189550876
1982,379.27159941061694,0.04515019427253807,442.2153474222332
1983,618.5249950783594,2.8941563969737225,439.03747294895766
1984,619.7056151686786,2.9082151063640964,435.8595984756821
1985,410.8776624391061,0.42151212368138624,432.68172400240746
1986,430.1744734010175,0.6512966747821176,429.5038495291319
1987,313.3475885747767,-0.7398665251519029,426.32597505585636
1988,351.7991289622433,-0.2819893160884187,423.1481005825808
1989,391.43083650927116,0.18994120890995672,419.97022610930526
1990,513.062254028422,1.6383163176027995,416.7923516360297
1991,423.42084151461654,0.5708750820961875,413.61447716275416
1992,512.2839566298251,1.629048427757557,410.4366026894786
1993,478.8935187400326,1.231438335773591,407.25872821620305
1994,410.3293799327378,0.4149832288370055,404.0808537429275
1995,337.4173818880472,-0.45324576369581443,400.90297926965286
1996,347.87424212739194,-0.3287264873882589,397.7251047963773
1997,392.60096458894105,0.20387498045635497,394.54723032310176
1998,340.6748671384598,-0.4144559456548565,391.3693558498262
1999,300.86633366999274,-0.8884920965548937,388.19148137655066
2000,338.46403053400957,-0.440782373255427,385.0136069032751
2001,341.9029084708542,-0.39983254871873175,381.83573242999955
2002,226.21230807585025,-1.7774649839854775,378.657857956724
2003,325.31227361213007,-0.5973922175683065,375.47998348344845
2004,356.0462500397373,-0.2314150107180279,372.3021090101729
2005,317.9555659620832,-0.6849951778855324,369.12423453689826
2006,353.45798717529703,-0.2622357935722527,365.9463600636227
2007,360.00045273197617,-0.18432874903515903,362.76848559034715
2008,415.6225542229153,0.478013834286119,359.5906111170716
2009,333.2675688802763,-0.5026613340211277,356.41273664379605
2010,371.2967568921794,-0.04981345603295658,353.2348621705205
2011,274.26138778079235,-1.2053012087069466,350.05698769724495
2012,361.15552159800876,-0.17057430114241562,346.8791132239694
2013,389.172421212076,0.16304821885635012,343.70123875069385
2014,437.94527562271736,0.7438306330475716,340.5233642774192
2015,446.07933562658985,0.8406902297086726,337.34548980414365
2016,348.09519188391835,-0.32609543914306177,334.1676153308681
2017,339.4840353743639,-0.42863625466495014,330.98974085759255
2018,383.2581840619144,0.09262205717939793,327.811866384317
2019,403.88662400313353,0.33826351685672856,324.63399191104145
2020,236.02373523736873,-1.6606314620933331,321.4561174377659
2021,382.2540994581143,0.08066551521986026,318.27824296449035
2022,373.84369580384094,-0.019484754795622276,315.1003684912148
2023,230.12321848541308,-1.7308942426007798,311.92249401793924
2024,208.34552656607556,-1.9902208832344253,308.7446195446646
2025,351.66538876293185,-0.2835818813948602,305.56674507138905
